zipcode,Town
01331,Athol
01085,Westfield
01370,Shelburne
01235,Hinsdale
02747,Dartmouth
02769,Rehoboth
01267,Williamstown
01008,Blandford
01002,Amherst
01255,Sandisfield
01247,North Adams
02360,Plymouth
01230,Great Barrington
01223,Becket
01034,Granville
02346,Middleborough
01366,Petersham
01201,Pittsfield
01339,Charlemont
01340,Colrain
02790,Westport
01007,Belchertown
01237,Lanesborough
01452,Hubbardston
01368,Royalston
01027,Easthampton
01341,Conway
01562,Spencer
01590,Sutton
01096,Williamsburg
01450,Groton
01026,Cummington
02535,Chilmark
01266,West Stockbridge
01742,Concord
01259,New Marlborough
01082,Ware
02568,Oak Bluffs
02330,Carver
01516,Douglas
01430,Ashburnham
01257,Sheffield
01364,Orange
01378,Warwick
01541,Princeton
01473,Westminster
02554,Nantucket
01543,Rutland
01256,Savoy
02770,Rochester
01360,Northfield
01337,Bernardston
01010,Brimfield
02780,Taunton
01057,Monson
01005,Barre
01475,Winchendon
01507,Charlton
02035,Foxborough
01740,Bolton
01550,Southbridge
01469,Townsend
01468,Templeton
02649,Mashpee
01238,Lee
01810,Andover
01098,Worthington
01938,Ipswich
02093,Wrentham
01095,Wilbraham
01844,Methuen
01240,Lenox
01373,Deerfield
01752,Marlborough
01571,Dudley
01535,North Brookfield
01451,Harvard
01545,Shrewsbury
01581,Westborough
01568,Upton
01068,Oakham
01826,Dracut
02061,Norwell
01540,Oxford
01876,Tewksbury
01531,New Braintree
01083,Warren
01520,Holden
02048,Mansfield
02667,Wellfleet
01720,Acton
01351,Montague
02542,Bourne
01253,Otis
01564,Sterling
01077,Southwick
01886,Westford
01420,Fitchburg
01225,Cheshire
01037,Hardwick
01569,Uxbridge
02766,Norton
02050,Marshfield
01050,Huntington
01073,Southampton
01270,Windsor
01033,Granby
02539,Edgartown
02324,Bridgewater
01056,Ludlow
01301,Greenfield
01566,Sturbridge
01379,Wendell
01748,Hopkinton
01462,Lunenburg
01367,Rowe
02703,Attleboro
01845,North Andover
01330,Ashfield
02536,Falmouth
01930,Gloucester
02038,Franklin
02359,Pembroke
01463,Pepperell
02777,Swansea
01585,West Brookfield
01220,Adams
02748,Dartmouth
01523,Lancaster
01453,Leominster
01431,Ashby
01011,Chester
01440,Gardner
02332,Duxbury
01258,Mount Washington
01245,Monterey
02631,Brewster
01072,Shutesbury
01776,Sudbury
01035,Hadley
01921,Boxford
02067,Sharon
02767,Raynham
01054,Leverett
02652,North Truro
02343,Holbrook
01966,Rockport
01510,Clinton
02481,Wellesley
01104,Springfield
02664,Yarmouth
02538,Wareham
02655,Barnstable
01604,Worcester
02382,Whitman
01349,Montague
02644,Forestdale
02420,Lexington
02180,Stoneham
01890,Winchester
02151,Revere
01013,Chicopee
02451,Waltham
01605,Worcester
01537,Oxford
01606,Worcester
01040,Holyoke
02043,Hingham
01880,Wakefield
02190,Weymouth
01852,Lowell
01032,Goshen
02726,Somerset
01088,Hatfield
01602,Worcester
02638,Dennis
02721,Fall River
02635,Barnstable
02740,New Bedford
01109,Springfield
01747,Hopedale
01754,Maynard
01022,Chicopee
02459,Newton
02148,Malden
02559,Bourne
01529,Millville
01070,Plainfield
02021,Canton
02364,Kingston
01746,Holliston
02019,Bellingham
01505,Boylston
01532,Northborough
02482,Wellesley
01905,Lynn
01863,Chelmsford
01346,Heath
01603,Worcester
02176,Melrose
02478,Belmont
01376,Turners Falls
01053,Leeds
02322,Avon
01434,Harvard
01945,Marblehead
12125,Hancock
02630,Barnstable
02556,Falmouth
01342,Deerfield
01036,Hampden
01226,Dalton
02717,East Freetown
02571,Wareham
02532,Bourne
02779,Berkley
02066,Scituate
01506,Brookfield
01960,Peabody
02771,Seekonk
01071,Russell
02760,North Attleborough
02743,Acushnet
01824,Chelmsford
01775,Stow
01756,Mendon
02645,Harwich
02081,Walpole
01062,Florence
01969,Rowley
01951,Newbury
01879,Tyngsboro
02333,East Bridgewater
01089,West Springfield
01701,Framingham
02563,Sandwich
02338,Halifax
02739,Mattapoisett
02493,Weston
01524,Leicester
01460,Littleton
01887,Wilmington
01075,South Hadley
01821,Billerica
02668,Barnstable
02702,Assonet
01770,Sherborn
01464,Shirley
02653,Orleans
01778,Wayland
01522,Holden
01760,Natick
02720,Fall River
02379,West Bridgewater
02339,Hanover
01612,Paxton
01757,Milford
02056,Norfolk
02341,Hanson
01952,Salisbury
01741,Carlisle
01772,Southborough
02030,Dover
01081,Wales
02367,Plympton
01375,Sunderland
01262,Stockbridge
01982,Hamilton
02375,Easton
01915,Beverly
01583,West Boylston
02052,Medfield
01354,Gill
01827,Dunstable
01012,Chesterfield
01501,Auburn
02072,Stoughton
01527,Millbury
01028,East Longmeadow
01801,Woburn
01521,Holland
01721,Ashland
01060,Northampton
02301,Brockton
01020,Chicopee
02719,Fairhaven
01949,Middleton
01570,Webster
01344,Erving
02184,Braintree
01830,Haverhill
01254,Richmond
02356,Easton
02642,Eastham
01773,Lincoln
01985,West Newbury
01923,Danvers
01929,Essex
02666,Truro
01864,North Reading
02713,Gosnold
02738,Marion
01264,Tyringham
01730,Bedford
02186,Milton
01913,Amesbury
01833,Georgetown
01001,Agawam
02540,Falmouth
01030,Agawam
02169,Quincy
02537,Sandwich
02054,Millis
01749,Hudson
01803,Burlington
02633,Chatham
01832,Haverhill
01474,Townsend
02762,Plainville
01983,Topsfield
02564,Siasconset
02053,Medway
01436,Templeton
02764,Dighton
01906,Saugus
01504,Blackstone
02090,Westwood
02715,Dighton
01519,Grafton
02368,Randolph
01518,Sturbridge
01039,Williamsburg
01343,Florida
02062,Norwood
02718,Taunton
01536,Grafton
01432,Ayer
02302,Brockton
01038,Hatfield
01719,Boxborough
02745,New Bedford
01940,Lynnfield
02025,Cohasset
01515,East Brookfield
02351,Abington
02370,Rockland
02657,Provincetown
01867,Reading
01534,Northbridge
02673,Yarmouth
02421,Lexington
01106,Longmeadow
02576,Wareham
02660,Dennis
01834,Groveland
02492,Needham
02648,Barnstable
02601,Barnstable
01862,Billerica
01236,Housatonic
01950,Newburyport
02188,Weymouth
01970,Salem
01984,Wenham
01835,Haverhill
01588,Northbridge
01944,Manchester
01347,Lake Pleasant
01904,Lynn
01084,Chestfield
01542,Leicester
02189,Weymouth
01108,Springfield
02472,Watertown
01854,Lowell
01702,Framingham
02675,Yarmouth
01922,Newbury
01860,Merrimac
02155,Medford
02632,Barnstable
01841,Lawrence
01907,Swampscott
02639,Dennis
02045,Hull
02191,Weymouth
02543,Falmouth
02452,Waltham
01609,Worcester
01380,Wendell Depot
02453,Waltham
01118,Springfield
01129,Springfield
01611,Leicester
01119,Springfield
02149,Everett
01851,Lowell
01843,Lawrence
01222,Ashley Falls
02474,Arlington
01560,Grafton
01092,West Warren
02138,Cambridge
02494,Needham
02467,Newton
02646,Harwich
02561,Sagamore
01607,Worcester
01151,Indian Orchard
02171,Quincy
02445,Brookline
01902,Lynn
02562,Sagamore Beach
02725,Somerset
02032,Walpole
02670,Dennis
02659,Chatham
02150,Chelsea
01338,Buckland
01610,Worcester
02476,Arlington
02465,Newton
02534,Bourne
02724,Fall River
02466,Newton
02650,North Chatham
02460,Newton
02744,New Bedford
01029,East Otis
01074,South Barre
01355,New Salem
02347,Lakeville
01069,Palmer
01031,Gilbertville
02461,Newton
02145,Somerville
01850,Lowell
01503,Berlin
02026,Dedham
02446,Brookline
02763,North Attleboro
01105,Springfield
01731,Bedford
01003,Amherst
02144,Somerville
02140,Cambridge
01128,Springfield
01908,Nahant
02791,Westport
02641,Dennis
02071,South Walpole
01965,Beverly
02647,Barnstable
02637,Barnstable
02141,Cambridge
02462,Newton
01441,Tyco
01260,South Lee
01840,Lawrence
02464,Newton
02558,Wareham
01608,Worcester
01103,Springfield
02142,Cambridge
01901,Lynn
02663,Wellfleet
01066,North Hatfield
01094,Wheelwright
02020,Marshfield
01224,Berkshire
01745,Fayville
02350,Hanson
02553,Monument Beach
02357,Stonehill College
02557,Oak Bluffs
01718,Acton
02661,Harwich
01242,Lenox Dale
01438,East Templeton
02672,West Hyannisport
01009,Bondsville
01063,Smith College
01561,Lancaster
02047,Humarock
02746,New Bedford
02671,Harwich
02139,Cambridge
01093,Whately
02170,Quincy
01350,Monroe Bridge
02458,Newton
01080,Palmer
02468,Newton
01107,Springfield
02143,Somerville
02723,Fall River
02152,Winthrop
02103,Back Bay Downtown
02108,Back Bay Downtown
02109,Back Bay Downtown
02110,Back Bay Downtown
02111,South End
02113,Back Bay Downtown
02114,Back Bay Downtown
02115,Fenway
02116,Back Bay Downtown
02118,South End
02119,Roxbury
02120,Roxbury
02121,Dorchester Uphams
02122,Dorchester Codman
02124,Dorchester Codman
02125,Dorchester Uphams
02126,Mattapan
02127,South Boston
02128,East Boston
02129,Charlestown
02130,Jamaica Plain
02131,Roslindale
02132,West Roxbury
02134,Alston Brighton
02135,Alston Brighton
02136,Hyde Park
02163,Alston Brighton
02199,Back Bay Downtown
02210,South Boston
02215,Fenway
